{
    "name": "truecallerjs",
    "version": "1.1.1",
    "description": "truecallerjs : A simple package to search phone number details.",
    "main": "index.js",
    "bin": {
      "truecallerjs": "bin/index.js"
    },
    "directories": {
      "lib": "lib",
      "test": "test"
    },
    "dependencies": {
      "awesome-phonenumber": "^2.64.0",
      "axios": "^0.24.0",
      "readline-sync": "^1.4.10",
      "xml2js": "^0.4.23",
      "yargs": "^17.2.1"
    },
    "scripts": {
      "test": "node ./bin/index.js",
      "prettier": "npx prettier --write ."
    },
    "repository": {
      "type": "git",
      "url": "git+https://github.com/sumithemmadi/truecallerjs.git"
    },
    "keywords": [
      "truecallerjs",
      "truecaller",
      "caller-id",
      "id",
      "find-email",
      "email",
      "Address",
      "XML",
      "Yaml",
      "Name",
      "Html",
      "Number",
      "Mobile",
      "Caller",
      "Search",
      "JsonToXml",
      "JsonToYaml",
      "Details"
    ]
}
